id,name,length,target
10,lymph,22513,class
1000,hypothyroid,276707,binaryClass
1001,sponge,41487,binaryClass
1002,ipumslasmall,2622855,binaryClass
1003,primarytumor,22769,binaryClass
1004,syntheticcontrol,291464,binaryClass
1005,glass,10056,binaryClass
1006,lymph,13839,binaryClass
1007,bridges,6519,binaryClass
1008,analcatdatareviewer,20870,binaryClass
1009,whiteclover,10244,binaryClass
1010,dermatology,27447,binaryClass
1011,ecoli,12107,binaryClass
1012,flags,17413,binaryClass
1013,analcatdatachallenger,1333,Damaged
1014,analcatdatadmft,14235,binaryClass
1015,confidence,1568,binaryClass
1016,vowel,82138,binaryClass
1017,arrhythmia,376872,binaryClass
1018,ipumslasmall,3288040,binaryClass
1019,pendigits,540102,binaryClass
1020,mfeatkarhunen,1207638,binaryClass
1021,pageblocks,236762,binaryClass
1022,mfeatpixel,972040,binaryClass
1023,soybean,164442,binaryClass
1025,analcatdatagermangss,18217,binaryClass
1026,grubdamage,3491,binaryClass
1027,ESL,6107,out1
1028,SWD,23329,Out1
1029,LEV,11234,Out1
1030,ERA,12818,out1
1035,ESL,6107,out1
1037,adaprior,487466,label
1038,ginaagnostic,8544653,label
1039,hivaagnostic,13734381,label
1040,sylvaprior,3704361,label
1041,ginaprior,6359783,label
1042,ginaprior,6362031,label
1044,eyemovements,1380106,label
1045,kctop,65674,DL
1046,mozilla,394305,state
1048,jEdit,12235,Bug-count
1049,pc,184294,c
1050,pc,204104,c
1051,cocomonumeric,8981,ACT_EFFORT
1053,jm,861589,defects
1054,mc,25621,c
1055,cmreq,1883,DEFECT
1056,mc,1022457,c
1058,humansnumeric,9306,ABS((TotalEstimates-TotalActual)/TotalActual)
1059,ar,14020,defects
1060,ar,8875,defects
1061,ar,13870,defects
1062,ar,5519,defects
1063,kc,55315,problems
1064,ar,12275,defects
1065,kc,60424,c
1066,kcbinary,65592,DL
1067,kc,167423,defects
1068,pc,105904,defects
1069,pc,591730,c
1070,kcnumeric,65353,NUMDEFECTS
1071,mw,55072,c
1072,qqdefectsnumeric,6356,TD
1073,jEdit,9640,Bug-count
1075,datatrieve,8107,Faulty6_1
1076,nasanumeric,18925,act_effort
1077,rsctc,14457868,Decision
1078,rsctc,14457868,Decision
1079,rsctc,13475669,Decision
1080,rsctc,38071578,Decision
1081,rsctc,30308105,Decision
1082,rsctc,33781641,Decision
1083,mouseType,58222140,Decision
1084,BurkittLymphoma,29552336,Decision
1085,anthracyclineTaxaneChemotherapy,59336304,Decision
1086,ovarianTumour,92701319,Decision
1087,hepatitisC,92701319,Decision
1088,variousCancersfinal,124981202,Decision
1089,USCrime,4506,X
1090,MercuryinBass,6015,3_yr_Standard_Mercury
1093,Brainsize,2928,MRI_Count
1094,Acorns,3967,Acorn_size
1096,FacultySalaries,4094,asst.prof.salary
1097,ICU,12042,LOC
1098,pubexpendat,1906,EX
1099,EgyptianSkulls,3093,Year
11,balancescale,8724,class
1100,PopularKids,30650,Goals
1101,lymphomaclasses,1078514,class
1102,lymphomaclasses,2160824,class
1103,yeastgene,257554,YPR204W
1104,leukemia,2293313,CLASS
1107,tumorsC,1946116,CLASS
1111,KDDCupappetency,34906025,APPETENCY
1112,KDDCupchurn,34903843,CHURN
1114,KDDCupupselling,34903723,UPSELLING
1115,teachingAssistant,3026,class
1116,musk,4684142,class
1117,desharnais,3727,Language
1119,adultcensus,3704265,class
1120,MagicTelescope,1580808,class:
1121,badges,9060,class
1122,APBreastProstate,29455210,Tissue
1123,APEndometriumBreast,28878336,Tissue
1124,APOmentumUterus,14492791,Tissue
1125,APOmentumProstate,10628216,Tissue
1126,APColonLung,29424862,Tissue
1127,APBreastOmentum,30032827,Tissue
1128,OVABreast,108502290,Tissue
1129,APUterusKidney,27271811,Tissue
1130,OVALung,108501816,Tissue
1131,APProstateUterus,13919269,Tissue
1132,APOmentumLung,14625022,Tissue
1133,APEndometriumColon,24873819,Tissue
1134,OVAKidney,108502206,Tissue
1135,APColonProstate,25455137,Tissue
1136,APLungUterus,17916041,Tissue
1137,APColonKidney,38760943,Tissue
1138,OVAUterus,108502070,Tissue
1139,OVAOmentum,108502102,Tissue
1140,APOvaryLung,23104798,Tissue
1141,APEndometriumProstate,9499597,Tissue
1142,OVAEndometrium,108502322,Tissue
1143,APColonOmentum,26008394,Tissue
1144,APProstateKidney,23462870,Tissue
1145,APBreastColon,44787501,Tissue
1146,OVAProstate,108502157,Tissue
1147,APOmentumKidney,24016685,Tissue
1148,APBreastUterus,33288595,Tissue
1149,APOvaryKidney,32448205,Tissue
115,BNGmfeatkarhunennominal,770103836,class
1150,APBreastLung,33442299,Tissue
1151,APEndometriumOmentum,10058622,Tissue
1152,APProstateOvary,19093672,Tissue
1153,APColonOvary,34468359,Tissue
1154,APEndometriumLung,13491883,Tissue
1155,APProstateLung,14061502,Tissue
1156,APOmentumOvary,19687751,Tissue
1157,APEndometriumKidney,22882680,Tissue
1158,APBreastKidney,42774955,Tissue
1159,APEndometriumOvary,18559497,Tissue
116,BNGbridgesversionnominal,82765884,TYPE
1160,APColonUterus,29270489,Tissue
1161,OVAColon,108501944,Tissue
1162,APOvaryUterus,22985523,Tissue
1163,APLungKidney,27421840,Tissue
1164,APEndometriumUterus,13380434,Tissue
1165,APBreastOvary,38456458,Tissue
1166,OVAOvary,108501944,Tissue
1167,pcreq,6050,DEFECT
1168,electricitypricesICON,4048941,SMPEP2
1169,airlines,19168157,Delay
117,BNGbridgesversionnominal,62577996,TYPE
118,BNGmfeatzernikenominal,566102691,class
119,BNGcmcnominal,2212314,Contraceptive_method_used
120,BNGmushroom,46000887,class
121,BNGcolicORIGnominal,133970671,pathology_cp_data
1216,Clickpredictionsmall,107976482,click
1217,Clickpredictionsmall,10797134,click
1218,Clickpredictionsmall,144186634,click
1219,Clickpredictionsmall,28837287,click
122,BNGcolicnominal,223687711,surgical_lesion
1220,Clickpredictionsmall,2886080,click
1222,letterchallengeunlabeledarff,713030,letter
1226,Clickpredictionsmall,57674180,click
1228,nkiarff,104339,event
123,BNGoptdigits,766003655,class
1235,Agrawal,75069264,class
1236,Stagger,24889598,class
1237,Stagger,24445268,class
1238,Stagger,24334782,class
124,BNGcreditanominal,92419173,class
1240,AirlinesCodrnaAdult,217702629,Delay
1245,lungcancershedden,156752,OS_years
125,BNGpageblocksnominal,36020514,class
126,BNGcreditgnominal,212453745,class
127,BNGpendigitsnominal,194000971,class
128,BNGcylinderbandsnominal,344718566,band_type
129,BNGdermatologynominal,80001517,class
13,breastcancer,29434,Class
130,BNGsegment,232714961,class
131,BNGsicknominal,138049289,Class
132,BNGsonarnominal,725003765,Class
133,BNGglassnominal,17403872,Type
135,BNGspambase,686003783,class
136,BNGheartcnominal,124781461,num
137,BNGtictactoe,1063292,Class
138,BNGhearthnominal,127790982,num
139,BNGtrains,146841909,class
140,BNGheartstatlognominal,163446587,class
141,BNGvehiclenominal,220508348,Class
1412,lungcancerGSE,44541,OS_event
1419,contactlenses,2890,
142,BNGhepatitisnominal,123974371,Class
1420,cpuwithvendor,6960,
143,BNGvote,5475966,Class
144,BNGhypothyroidnominal,139346451,Class
1441,KungChi,17317,def
1442,MegaWatt,33487,def
1443,PizzaCutter,86882,def
1444,PizzaCutter,136562,def
1446,CostaMadre,40280,def
1447,CastMetal,44738,def
1448,KnuggetChase,27391,def
1449,MeanWhile,33486,def
1450,MindCave,18323,def
1451,PieChart,93145,def
1452,PieChart,90795,def
1453,PieChart,141338,def
1454,PieChart,176373,def
1455,acuteinflammations,8032,Class
1458,arcene,5691179,Class
1459,artificialcharacters,254223,Class
146,BNGionosphere,408001829,class
1460,banana,75142,Class
1461,bankmarketing,3660226,Class
1462,banknoteauthentication,46233,Class
1463,blogger,5608,Class
1464,bloodtransfusionservicecenter,14143,Class
1465,breasttissue,4930,Class
1467,climatemodelsimulationcrashes,90804,Class
1468,cnae,1871624,Class
147,BNGwaveformnominal,482002164,class
1470,dressessales,40801,Class
1471,eegeyestate,1682156,Class
1473,fertility,4440,Class
1475,firstordertheoremproving,2685554,Class
1476,gasdrift,17291112,Class
1477,gasdriftdifferentconcentrations,17339689,Class
1478,har,55364318,Class
1479,hillvalley,838568,Class
148,BNGzoonominal,109385080,type
1480,ilpd,23485,Class
1484,lsvt,406429,Class
1485,madelon,5217140,Class
1486,nomao,20200787,Class
1487,ozonelevelhr,901788,Class
1488,parkinsons,35475,Class
1489,phoneme,267467,Class
149,CovPokElec,366009687,class
1490,planningrelax,19301,Class
1494,qsarbiodeg,154166,Class
1495,qualitativebankruptcy,3686,Class
1496,ringnorm,713951,Class
1497,wallrobotnavigation,712551,Class
1498,saheart,18239,Class
1499,seeds,9498,Class
15,breastw,19177,Class
150,covertype,103350912,class
1500,seismicbumps,9498,Class
1502,skinsegmentation,3155881,Class
1503,spokenarabicdigit,29307277,Class
1504,steelplatesfault,298345,Class
1506,thoracicsurgery,19418,Class
1507,twonorm,1108863,Class
1508,userknowledge,10797,Class
151,electricity,3092013,class
1510,wdbc,120617,Class
1511,wholesalecustomers,17387,Channel
1512,heartlongbeach,6591,Class
1513,heartswitzerland,3895,Class
1514,micromass,1468264,Class
1516,robotfailureslp,27213,Class
1517,robotfailureslp,15630,Class
1518,robotfailureslp,15628,Class
1519,robotfailureslp,32843,Class
152,HyperplaneE,95887846,class
1520,robotfailureslp,46356,Class
1523,vertebracolumn,18795,Class
1524,vertebracolumn,18793,Class
1525,wallrobotnavigation,75260,Class
1526,wallrobotnavigation,139227,Class
1527,volcanoesa,60960,Class
1528,volcanoesa,30459,Class
1529,volcanoesa,28597,Class
153,HyperplaneE,95887847,class
1530,volcanoesa,28474,Class
1531,volcanoesb,190773,Class
1532,volcanoesb,199959,Class
1533,volcanoesb,194538,Class
1534,volcanoesb,190961,Class
1535,volcanoesb,187151,Class
1536,volcanoesb,189849,Class
1537,volcanoesc,536121,Class
1538,volcanoesd,163975,Class
1539,volcanoesd,171831,Class
154,LED,50000633,class
1540,volcanoesd,173940,Class
1541,volcanoesd,162076,Class
1542,volcanoese,22258,Class
1543,volcanoese,20347,Class
1544,volcanoese,24046,Class
1545,volcanoese,23585,Class
1546,volcanoese,20960,Class
1547,autoUnivau,52006,Class
1548,autoUnivau,878634,Class
1549,autoUnivau,156204,Class
155,pokerhand,19518660,class
1551,autoUnivau,85921,Class
1552,autoUnivau,59499,Class
1553,autoUnivau,39612,Class
1554,autoUnivau,29713,Class
1555,autoUnivau,206497,Class
1556,acuteinflammations,8039,Class
1557,abalone,194913,Class
1558,bankmarketing,370604,Class
1559,breasttissue,4925,Class
156,RandomRBF,96479003,class
1560,cardiotocography,211110,Class
1561,dbworldbodiesstemmed,561606,Class
1562,dbworldbodies,709729,Class
1563,dbworldsubjectsstemmed,35086,Class
1564,dbworldsubjects,37028,Class
1565,hearth,11394,Class
1566,hillvalley,1294239,Class
1567,pokerhand,24127293,Class
1568,nursery,233484,Class
1569,pokerhand,24127050,Class
157,RandomRBFE,96493271,class
1570,wilt,246811,Class
158,RandomRBFE,96488739,class
159,RandomRBFE,96468155,class
1590,adult,5962724,class
1596,covertype,75171052,class
1597,creditcard,150829308,Class
160,RandomRBFE,96446681,class
1600,SPECTF,42407,OVERALL_DIAGNOSIS
161,SEA,33665340,class
162,SEA,33665364,class
163,lungcancer,7848,class
164,molecularbiologypromoters,20846,class
172,shuttlelandingcontrol,2308,Class
179,adult,5162011,class
180,covertype,15509665,class
181,yeast,65603,class_protein_localization
182,satimage,2218190,class
185,baseball,141657,Hall_of_Fame
186,braziltourism,16154,Trips
187,wine,14558,class
188,eucalyptus,78938,Utility
189,kinnm,1131204,y
191,wisconsin,49308,time
192,vineyard,1163,lugs_1991
193,bolts,4550,T20BOLT
194,cleveland,21923,num
195,autoprice,16564,price
196,autoMpg,13325,class
197,cpuact,1058120,usr
198,deltaelevators,331386,Se
199,fruitfly,8732,class
2,anneal,84089,class
20,mfeatpixel,975410,class
200,pbc,32954,class
201,pol,1726721,foo
202,autoHorse,30049,class
203,lowbwt,9058,class
204,cholesterol,22358,chol
205,sleep,3842,danger_index
206,triazines,82105,activity
207,autoPrice,16843,class
208,detroit,3626,ASR
209,quake,44449,richter
210,cloud,4564,TE
211,longley,1401,employed
212,diabetesnumeric,1460,c_peptide
213,pharynx,13471,class
214,baskball,2978,points_per_minute
215,dplanes,1308049,y
216,elevators,2202726,Goal
217,pyrim,16014,activity
218,houseL,2378811,price
22,mfeatzernike,1136136,class
222,echoMonths,10552,class
223,stock,57028,company10
224,breastTumor,16975,class
225,pumaNH,701371,thetadd3
226,gascons,1192,gasoline_consumption
227,cpusmall,580648,usr
228,elusage,1062,average_electricity_usage
229,pwLinear,6288,class
23,cmc,33611,Contraceptive_method_used
230,machinecpu,6052,class
231,hungarian,21224,num
232,fishcatch,9066,class
23380,cjs,277989,TR
23381,dressessales,37842,Class
23383,SensorDataResource,35469379,
23394,COMETMCSAMPLE,27922997,
23395,COMETMCSAMPLE,3370002,label
23396,COMETMCSAMPLE,3370002,
23397,COMETMCSAMPLE,27922997,label
23420,yagoSchemattl,23444,
23512,higgs,45445012,class
23513,KDD,267554975,TARGET_B
23515,sulfur,634557,y1
23516,debutanizer,213283,y
23517,numerai,36585642,attribute_21
24,mushroom,751225,class
244,BNGanneal,148482289,class
245,BNGannealORIG,101204637,class
246,BNGlabor,88975088,class
248,BNGautos,208489232,symboling
249,BNGlymph,99087524,class
25,colic,42294,surgical_lesion
250,BNGmfeatfourier,677722132,class
251,BNGbreastw,1863329,Class
252,BNGmfeatkarhunen,603150298,class
253,BNGbridgesversion,72389615,TYPE
254,BNGmfeatzernike,466762476,class
255,BNGcmc,1784534,Contraceptive_method_used
256,BNGcolicORIG,116767466,surgical_lesion
257,BNGcolic,206764897,surgical_lesion
258,BNGcredita,70260901,class
259,BNGpageblocks,28632277,class
26,nursery,1064303,class
260,BNGcreditg,167817048,class
261,BNGpendigits,144222083,class
262,BNGcylinderbands,276293180,band_type
263,BNGdermatology,77859192,class
264,BNGsonar,538414973,Class
265,BNGglass,12516594,Type
266,BNGheartc,103970047,num
267,BNGheartstatlog,74292730,class
268,BNGvehicle,184466746,Class
269,BNGhepatitis,108729450,Class
27,colic,63983,surgical_lesion
271,BNGwaveform,371146740,class
272,BNGzoo,100189769,type
274,newsgroupsdrift,804760144,class
275,metaallarff,30082,class
276,metabatchincrementalarff,31326,class
277,metaensemblesarff,31219,class
278,metainstanceincrementalarff,30200,class
28,optdigits,832899,class
285,flags,21318,religion
287,winequality,352098,quality
29,creditapproval,34347,class
294,satelliteimage,767796,class
296,Ailerons,3740757,goal
298,coil,1706456,CARAVAN
299,librasmove,262180,class
3,krvskp,489987,class
30,pageblocks,242322,class
301,ozonelevel,1320665,Class
308,pumaH,2806314,thetadd6
31,creditg,162291,class
310,mammography,828748,class
311,oilspill,235498,class
312,scene,6211769,Urban
315,uscrime,1108696,ViolentCrimesPerPop
316,yeastml,2417026,class14
32,pendigits,742221,class
327,bridges,11952,TYPE
328,bridges,12350,TYPE
329,hayesroth,8552,class
333,monksproblems,11090,class
334,monksproblems,11720,class
335,monksproblems,11062,class
336,SPECT,16745,OVERALL_DIAGNOSIS
337,SPECTF,53128,OVERALL_DIAGNOSIS
338,grubdamage,5840,GG_new
339,pasture,5996,pasture-prod-class
34,postoperativepatientdata,7680,decision
340,squashstored,10458,Acceptability
342,squashunstored,9931,Acceptability
343,whiteclover,14832,WhiteClover-94
344,mv,3746008,y
35,dermatology,32487,class
36,segment,306054,class
37,diabetes,37419,class
373,UNIXuserdata,1128106,user
374,SyskillWebertBioMedical,982036,class
375,JapaneseVowels,1225033,speaker
376,SyskillWebertSheep,212810,class
377,syntheticcontrol,299973,class
378,ipumslasmall,3864025,movedin
379,SyskillWebertGoats,343672,class
38,sick,305843,Class
380,SyskillWebertBands,266741,class
381,ipumslasmall,3124608,movedin
382,ipumslasmall,2939212,movedin
39,ecoli,15730,class
4,labor,8244,class
40,sonar,94706,Class
402,yokohoma,110349,oz1143
403,heyl,79996,oz1143
404,yokohoma,118923,oz1143
40474,thyroidallbp,191358,Class
40475,thyroidallhyper,191358,Class
40476,thyroidallhypo,191358,Class
40477,thyroidallrep,191358,Class
40478,thyroiddis,191358,Class
40496,LEDdisplaydomaindigit,8274,Class
40497,thyroidann,257711,Class
40498,winequalitywhite,264318,Class
405,mtp,7108188,oz203
40514,BNGcreditg,87789351,class
40515,BNGspambase,344002789,class
40516,BNGoptdigits,382002527,class
40517,newsgroupsdrift,802291691,class
40518,BNGionosphere,204001229,class
40519,BNGsegment,118714631,class
40520,BNGanneal,244089665,class
40536,SpeedDating,4996633,match
406,qsbry,2335,oz10
40645,GAMETESEpistasisWayattsHEDMEDM,3227405,class
40646,GAMETESEpistasisWayattsHEDM,68021,class
40647,GAMETESEpistasisWayattsHEDM,68017,class
40648,GAMETESEpistasisWayattsHEDM,68020,class
40649,GAMETESHeterogeneityattsHetEDM,68040,class
40650,GAMETESHeterogeneityattsHetEDM,68040,class
40660,analcatdatafraud,1610,class
40663,calendarDOW,31898,class
40664,carevaluation,77070,class
40665,clean,326304,class
40666,clean,4491036,class
40668,connect,5811167,class
40669,corral,2712,class
40670,dna,1157517,class
40671,ecoli,12117,class
40672,fars,6925873,class
40677,led,161055,class
40678,led,51753,class
40680,mofn,29699,class
40681,mux,2280,class
40682,thyroidnew,5292,class
40683,postoperativepatientdata,2152,class
40685,shuttle,1538320,class
40686,solarflare,9068,class
40687,solarflare,28612,class
40690,threeOf,10758,class
40691,winequalityred,92536,class
40693,xd,20054,class
407,krystek,212515,oz1143
40700,cars,11975,class
40701,churn,412293,class
40702,solarflare,24130,class
40704,Titanic,48893,class
40705,tokyo,264567,class
40706,parityplus,25298,class
40707,allbp,254943,class
40708,allrep,254946,class
40709,analcatdatahappiness,970,class
40710,cleve,11955,class
40711,clevelandnominal,5368,class
40713,dis,254939,class
40714,parity,836,class
408,depreux,189395,oz1143
40869,pathogensurveydataset,116873,
409,pdgfr,196448,oz322
40900,Satellite,641229,Target
40910,Speech,12129366,Target
40922,Runorwalkinformation,4268094,activity
40945,Titanic,118039,survived
40966,MiceProtein,1034699,class
40975,car,76395,class
40976,Bike,279128,
40978,InternetAdvertisements,20513635,class
40981,Australian,37567,A15
40982,steelplatesfault,294160,target
40983,wilt,256523,class
40984,segment,307693,class
40992,sylvaagnostic,12458747,
40993,adaagnostic,880049,
40994,climatemodelsimulationcrashes,180762,outcome
40997,junglechesspcsendgamepantherlion,744769,class
40998,junglechesspcsendgamepantherlion,744769,class
40999,junglechesspcsendgameelephantelephant,374357,class
41,glass,17823,Type
410,carbolenes,330027,oz1143
41000,junglechesspcsendgamepantherelephant,746645,class
41001,junglechesspcsendgamecomplete,7063779,class
41002,junglechesspcsendgameratpanther,926918,class
41003,junglechesspcsendgameratelephant,926919,class
41004,junglechesspcsendgamelionelephant,744770,class
41005,junglechesspcsendgameratrat,580258,class
41006,junglechesspcsendgameratlion,924887,class
41007,junglechesspcsendgamelionlion,372703,class
41027,junglechesspcsrawendgamecomplete,627769,class
411,garrat,86297,oz1143
412,Phen,17245,oz111
413,siddiqi,75540,oz1143
4134,Bioresponse,30223214,target
4135,Amazonemployeeaccess,2134522,target
414,lewis,58991,oz1143
415,thompson,61809,oz1143
4153,SmartphoneBasedRecognitionofHumanActivities,225894,Activity
4154,CreditCardSubset,3937197,Class
416,yprop,6143857,oz252
417,tsutumi,88378,oz1143
418,strupcz,240914,oz1143
419,PHENETYL,117609,oz629
420,cristalli,259188,oz1143
421,selwood,15411,oz54
422,topo,17961683,oz267
423,svensson,84109,oz1143
424,pah,78132,oz113
425,penning,96267,oz1143
426,qsfsr,1872,oz10
427,qsfrdhla,5012,oz34
428,qsprcmpx,7698,oz40
429,qsfsr,1786,oz10
43,haberman,4881,Survival_status
430,mtp,2387174,oz1143
431,qsbralks,2758,oz22
432,stevenson,48360,oz1143
4329,thoracicsurgery,24225,Risk1Yr
433,qsartox,3677,oz24
434,benzo,57429,oz33
4340,Engine,22167,Pump_Status
435,uehling,70341,oz1143
4353,ConcreteData,51308,
436,rosowky,87759,oz1143
437,garrat,68024,oz1143
438,doherty,53981,oz1143
439,chang,279810,oz1143
44,spambase,706994,class
440,qsabr,1419,oz10
441,qsabr,1420,oz10
442,qsbrrw,6874,oz51
443,analcatdatabroadway,9122,Show_run
444,analcatdataboxing,5518,Winner
446,prnncrabs,13381,sp
448,analcatdataboxing,4489,Winner
449,analcatdatahomerun,14478,Bonds.HR
450,analcatdatalawsuit,5993,Laid.off
451,irish,39678,Leaving_Certificate
452,analcatdatabroadwaymult,18805,Count
453,analcatdatabondrate,5563,Rating
4531,parkinsonstelemonitoring,906154,
4532,higgs,45445014,class
4533,KEGGMetabolicReactionNetwork,12749646,
4534,PhishingWebsites,800920,Result
4535,CensusIncome,169568826,
4537,GesturePhaseSegmentationRAW,1762479,phase
4538,GesturePhaseSegmentationProcessed,3506053,Phase
454,analcatdatahalloffame,141621,Hall_of_Fame
4540,ParkinsonSpeechDatasetwithMultipleTypesofSoundRecordings,193626,
4541,DiabetesUS,26605225,readmitted
4544,GeographicalOriginalofMusic,1182221,V100
4545,OnlineNewsPopularity,21803049,shares
4548,BuzzinsocialmediaTomsHardware,8516277,
4549,BuzzinsocialmediaTwitter,176211041,Annotation
455,cars,31277,origin
4551,WaveformDatabaseGenerator,543524,
4553,TurkiyeStudentEvaluation,386739,
456,analcatdatabirthday,9734,Births
4562,InternetUsage,1605395,
4563,SpokenArabicDigit,18800313,
457,prnncushings,4877,Type
458,analcatdataauthorship,145060,Author
459,analcatdataasbestos,4987,Task
46,splice,524138,Class
460,analcatdatareviewer,22832,Roger_Ebert
461,analcatdatacreditscore,3351,Application.accepted
462,analcatdatachallenger,1903,Damaged
463,backache,15844,col_33
464,prnnsynth,10486,yc
465,analcatdatacyyoung,7074,Cy_Young
466,schizo,29247,class
467,analcatdatajapansolvent,5751,Solvent
468,confidence,4957,ITEM
469,analcatdatadmft,23321,Prevention
470,profb,27019,Home/Away
472,lupus,2879,STATUS
474,analcatdatamarketing,25996,X1a
475,analcatdatagermangss,19383,Political_system
476,analcatdatabankruptcy,4236,Bankrupt
477,fl,7524,technology
479,analcatdatacyyoung,6952,Cy_Young
48,tae,4132,Class_attribute
480,prnnviruses,8437,virus_type
481,biomed,12690,class
482,arsenicmalebladder,10141,events
483,iqbrainsize,3868,FIQ
485,analcatdatavehicle,2878,Count
486,papir,6114,response_1
487,papir,11396,response_1
488,collegesaaup,127045,Type
49,heartc,35596,num
490,hip,1994,
491,analcatdatanegotiation,6397,Future_business
492,newtonhema,4417,cells_percentage
493,windcorrelations,14658,
494,analcatdatahiroshima,7785,Aberrant_cells
495,baseballpitcher,27887,1987_annual_salary_on_opening_day_in_thousands_of_dollars
497,veteran,5651,Survival
498,analcatdatarunshoes,3578,Shoes
50,tictactoe,29762,Class
500,analcatdatavineyard,7216,Lugs
501,analcatdataimpeach,8537,
502,analcatdatawhale,6325,
503,wind,484670,MAL
504,analcatdatasupreme,175576,Log_exposure
505,tecator,250961,fat
506,analcatdatagsssexsurvey,5442,AIDS_know
507,spacega,530028,ln(VOTES/POP)
508,nflpass,8450,NFL_Rating
509,places,28125,Economics
51,hearth,31259,num
510,sleep,6149,overall_danger_index
511,plasmaretinol,29030,RETPLASMA
513,arsenicfemalelung,10135,events
515,baseballteam,10074,1987_average_salary
516,pbcseq,169375,status
518,analcatdatagviolence,6108,Violence_time
519,vinnie,3825,field_goals
52,trains,9950,class
520,analcatdatawildcat,4670,Wildcat_strikes
521,analcatdatancaa,6621,Team_1_wins
522,pm,20762,pm10_concentration
523,analcatdataneavote,3387,Favorable
524,pbc,56148,status
525,baseballhitter,42946,1987_annual_salary_on_opening_day_in_thousands_of_dollars
526,analcatdataseropositive,3553,Positive
527,analcatdataelection,6811,Gore00
528,humandevel,14595,hdi
529,pollen,168187,DENSITY
53,heartstatlog,13179,class
530,analcatdataolympic,7456,GDP
531,boston,42904,MEDV
532,analcatdatauktrainacc,2960,
533,arsenicfemalebladder,10127,events
534,cpswages,38290,WAGE
535,analcatdatachlamydia,4042,Count
536,arsenicmalelung,10146,events
537,houses,4480847,median_house_value
538,collegesusnews,232160,Graduation_rate
539,analcatdatagalapagos,2751,Observed.species
54,vehicle,63838,Class
540,mu,11533,CL
541,socmob,71551,counts_for_sons_current_occupation
542,pollution,5501,MORT
543,bostoncorrected,63564,LSTAT
544,transplant,3130,obs
545,lmpavw,62160,vertical_ocean_shear
546,sensory,18801,Score
547,no,20760,no2_concentration
549,strikes,31321,strike_volume
55,hepatitis,17175,Class
550,quake,46402,col_4
551,analcatdatamichiganacc,3986,Accidents
552,detroit,3537,HOM
553,kidney,3921,frailty
555,analcatdataapnea,5933,Count
556,analcatdataapnea,6229,Count
557,analcatdataapnea,6187,Count
558,banknh,2497690,rej
559,schlvote,1622,wealth_per_student
56,vote,40261,Class
560,bodyfat,24433,class
561,cpu,10182,class
562,cpusmall,580622,usr
563,kddelninosmall,41658,s_s_temp
564,fried,2724449,Y
565,watertreatment,129180,RD-SED-G
566,meta,72762,class
567,kddcoil,41288,algae_1
568,kddcoil,41218,algae_2
569,auto,13617,class
57,hypothyroid,310897,Class
570,kddcoil,41185,algae_3
572,bankFM,682243,rej
573,cpuact,1058076,usr
574,houseH,4393861,price
575,kddcoil,41145,algae_4
576,kddcoil,41200,algae_5
577,kddcoil,41203,algae_6
578,kddcoil,41154,algae_7
579,fric,23417,oz6
580,fric,393846,oz101
581,fric,202236,oz26
582,fric,201980,oz26
583,fric,791642,oz51
584,fric,202175,oz26
585,fric,17357,oz11
586,fric,403735,oz26
587,fric,80310,oz51
588,fric,1568180,oz101
589,fric,403586,oz26
59,ionosphere,80455,class
590,fric,791653,oz51
591,fric,17316,oz11
592,fric,403802,oz26
593,fric,170678,oz11
594,fric,9468,oz6
595,fric,170711,oz11
596,fric,23415,oz6
597,fric,46654,oz6
598,fric,403626,oz26
599,fric,93160,oz6
60,waveform,1080193,class
600,fric,80267,oz51
601,fric,23399,oz6
602,fric,42929,oz11
603,fric,198860,oz51
604,fric,85622,oz11
605,fric,101383,oz26
606,fric,170790,oz11
607,fric,791818,oz51
608,fric,170964,oz11
609,fric,93173,oz6
61,iris,7487,class
610,fric,785271,oz101
611,fric,9488,oz6
612,fric,93152,oz6
613,fric,23453,oz6
614,fric,101369,oz26
615,fric,42977,oz11
616,fric,396578,oz51
617,fric,46752,oz6
618,fric,791867,oz51
619,fric,198890,oz51
62,zoo,11408,type
620,fric,403570,oz26
621,fric,17311,oz11
622,fric,791732,oz51
623,fric,171050,oz11
624,fric,9458,oz6
625,fric,40942,oz26
626,fric,396478,oz51
627,fric,85553,oz11
628,fric,93265,oz6
629,fric,40902,oz26
630,fric,80233,oz51
631,fric,46629,oz6
632,fric,198932,oz51
633,fric,202167,oz26
6331,LoanDefaultPrediction,550991350,loss
6332,cylinderbands,113973,band_type
634,fric,17344,oz11
635,fric,42903,oz11
636,fric,80284,oz51
637,fric,396430,oz51
638,fric,198806,oz51
639,fric,40929,oz26
640,fric,17323,oz11
641,fric,85519,oz11
642,fric,80315,oz51
643,fric,202122,oz26
644,fric,101434,oz26
645,fric,396640,oz51
646,fric,85574,oz11
647,fric,42888,oz11
648,fric,198796,oz51
649,fric,46665,oz6
650,fric,396511,oz51
651,fric,40919,oz26
652,fric,158937,oz101
653,fric,101359,oz26
654,fric,85472,oz11
655,fric,40918,oz26
656,fric,9471,oz6
657,fric,42911,oz11
658,fric,101456,oz26
659,sleuthex,2105,income
660,rabe,3265,col_7
661,sleuthcase,1808,tumor
663,rabe,1908,col_3
664,chscasecensus,23238,col_7
665,sleuthcase,3007,CD
666,rmftsaladata,33789,Respiratory_Mortality
668,witmercensus,2754,HSPerc
669,chscaseadopt,3002,col_4
670,chscasecensus,24453,col_8
671,chscasecensus,27554,col_8
672,chscasecensus,24453,col_8
673,chscasecensus,27580,col_8
674,chscasedemand,3776,col_12
675,visualizingslope,2017,resolution
676,disclosurextampered,25297,Income
678,visualizingenvironmental,3770,wind
679,rmftsasleepdata,12461,sleep_state
680,chscasefunds,10592,
681,hutsoflogis,6390,Quality
682,sleuthex,4803,sv
683,sleuthex,2713,owl
684,rabe,1155,col_3
685,visualizinglivestock,4127,livestocktype
686,rmftsactoarrivals,5661,arrivals
687,sleuthex,1887,Age13IQ
688,visualizingsoil,257823,track
689,chscasevine,9280,col_3
690,visualizinggalaxy,22194,velocity
691,chscasevine,4371,col_10
692,rabe,1853,col_6
693,diggletablea,1303,col_5
694,diggletablea,17750,col_1
695,chatfield,16270,col_13
696,hutsofchildwitness,7530,acc
697,rabe,1431,col_5
698,rabe,3303,col_5
699,disclosurez,31350,Income
70,BNGannealnominal,189835600,class
700,chscasewhale,8820,col_12
702,sleuthex,3659,prec
703,chscasefoot,15624,col_6
704,disclosurexnoise,32499,Income
705,chscasehealth,4374,
706,sleuthcase,3058,exper
707,sleuthcase,3163,rank
708,visualizinghamster,4600,testes
709,disclosurexbias,31309,Income
71,BNGannealORIGnominal,142716185,class
710,rabe,3590,col_6
711,visualizingethanol,2054,E
712,chscasegeyser,4062,col_3
713,vineyard,672,binaryClass
714,fruitfly,1889,binaryClass
715,fric,237624,binaryClass
716,fric,48423,binaryClass
717,rmftsaladata,30026,binaryClass
718,fric,943659,binaryClass
719,veteran,2788,binaryClass
72,BNGkrvskp,76957139,class
720,abalone,190089,binaryClass
721,pwLinear,5396,binaryClass
722,pol,1717399,binaryClass
723,fric,237635,binaryClass
724,analcatdatavineyard,5857,binaryClass
725,bankFM,559943,binaryClass
726,fric,5082,binaryClass
727,dplanes,1039483,binaryClass
728,analcatdatasupreme,77301,binaryClass
729,visualizingslope,1108,binaryClass
73,BNGlabornominal,146361792,class
730,fric,12419,binaryClass
731,baskball,2254,binaryClass
732,fric,119099,binaryClass
733,machinecpu,4972,binaryClass
734,ailerons,2342004,binaryClass
735,cpusmall,446947,binaryClass
736,visualizingenvironmental,1458,binaryClass
737,spacega,184473,binaryClass
738,pharynx,6976,binaryClass
739,sleep,1753,binaryClass
740,fric,96403,binaryClass
741,rmftsasleepdata,8318,binaryClass
742,fric,473141,binaryClass
743,fric,49131,binaryClass
744,fric,12472,binaryClass
745,autoprice,10811,binaryClass
746,fric,59829,binaryClass
747,servo,1836,binaryClass
748,analcatdatawildcat,3436,binaryClass
749,fric,24764,binaryClass
75,BNGautosnominal,234838552,symboling
750,pm,18844,binaryClass
751,fric,96491,binaryClass
752,pumaH,2452701,binaryClass
753,wisconsin,42545,binaryClass
754,fric,5085,binaryClass
755,sleuthex,1405,binaryClass
756,autoPrice,10805,binaryClass
757,meta,63864,binaryClass
758,analcatdataelection,5504,binaryClass
759,analcatdataolympic,5278,binaryClass
76,BNGlymphnominal,127235801,class
760,analcatdatauktrainacc,1909,binaryClass
761,cpuact,719290,binaryClass
762,fric,9904,binaryClass
763,fric,24252,binaryClass
764,analcatdataapnea,4528,binaryClass
765,analcatdataapnea,4783,binaryClass
766,fric,236937,binaryClass
767,analcatdataapnea,4782,binaryClass
768,fric,24329,binaryClass
769,fric,119109,binaryClass
77,BNGbreastcancernominal,65316187,Class
770,strikes,16050,binaryClass
771,analcatdatamichiganacc,2842,binaryClass
772,quake,39302,binaryClass
773,fric,59836,binaryClass
774,disclosurexbias,19983,binaryClass
775,fric,24311,binaryClass
776,fric,12412,binaryClass
777,sleuthex,1680,binaryClass
778,bodyfat,18545,binaryClass
779,fric,118925,binaryClass
78,BNGmfeatfouriernominal,914104110,class
780,rabe,1743,binaryClass
782,rabe,1103,binaryClass
783,fric,9908,binaryClass
784,newtonhema,2192,binaryClass
785,windcorrelations,13769,binaryClass
786,cleveland,11313,binaryClass
787,witmercensus,2211,binaryClass
788,triazines,47804,binaryClass
789,fric,9864,binaryClass
790,elusage,539,binaryClass
791,diabetesnumeric,604,binaryClass
792,fric,24710,binaryClass
793,fric,24298,binaryClass
794,fric,59886,binaryClass
795,disclosurextampered,20406,binaryClass
796,cpu,6440,binaryClass
797,fric,472836,binaryClass
798,cholesterol,10708,binaryClass
799,fric,49113,binaryClass
800,pyrim,9462,binaryClass
801,chscasefunds,8649,binaryClass
802,pbcseq,158690,binaryClass
803,deltaailerons,263359,binaryClass
804,hutsoflogis,1841,binaryClass
805,fric,237043,binaryClass
806,fric,472955,binaryClass
807,kinnm,631936,binaryClass
808,fric,9852,binaryClass
809,mushroom,374584,class
810,pbc,25806,binaryClass
811,rmftsactoarrivals,3934,binaryClass
812,fric,24313,binaryClass
813,fric,49297,binaryClass
814,chscasevine,4709,binaryClass
815,chscasevine,1637,binaryClass
816,pumaNH,631714,binaryClass
817,diggletablea,952,binaryClass
818,diggletablea,12797,binaryClass
819,deltaelevators,288515,binaryClass
820,chatfield,13898,binaryClass
821,houseH,2773353,binaryClass
822,calhousing,889154,binaryClass
823,houses,867361,binaryClass
824,fric,48250,binaryClass
825,bostoncorrected,56069,binaryClass
826,sensory,14181,binaryClass
827,disclosurexnoise,20387,binaryClass
828,fric,96552,binaryClass
829,fric,5088,binaryClass
830,fric,24303,binaryClass
831,autoMpg,10459,binaryClass
832,fric,59912,binaryClass
833,banknh,2184521,binaryClass
834,fric,237616,binaryClass
835,analcatdatavehicle,1757,binaryClass
836,sleuthcase,1388,binaryClass
837,fric,472631,binaryClass
838,fric,119166,binaryClass
839,kddelninosmall,29979,binaryClass
840,autoHorse,24258,binaryClass
841,stock,52766,binaryClass
842,analcatdatarunshoes,2552,binaryClass
843,houseL,1333384,binaryClass
844,breastTumor,12896,binaryClass
845,fric,96177,binaryClass
846,elevators,1515164,binaryClass
847,wind,446374,binaryClass
848,schlvote,1203,binaryClass
849,fric,237423,binaryClass
850,fric,48432,binaryClass
851,tecator,244406,binaryClass
852,analcatdatagsssexsurvey,4403,binaryClass
853,boston,33641,binaryClass
854,fishcatch,4722,binaryClass
855,fric,48370,binaryClass
857,bolts,1165,binaryClass
858,hungarian,10635,binaryClass
859,analcatdatagviolence,5055,binaryClass
860,vinnie,2813,binaryClass
861,auto,8609,binaryClass
862,sleuthex,4347,binaryClass
863,fric,24359,binaryClass
864,sleuthex,2069,binaryClass
865,analcatdataneavote,2262,binaryClass
866,fric,472812,binaryClass
867,visualizinglivestock,2713,binaryClass
868,fric,24342,binaryClass
869,fric,48266,binaryClass
870,fric,24596,binaryClass
871,pollen,152900,binaryClass
873,fric,119260,binaryClass
874,rabe,1271,binaryClass
875,analcatdatachlamydia,2791,binaryClass
876,fric,48454,binaryClass
877,fric,119150,binaryClass
878,fric,9874,binaryClass
879,fric,119103,binaryClass
880,mu,10091,binaryClass
881,mv,3056176,binaryClass
882,pollution,3988,binaryClass
884,fric,24659,binaryClass
885,transplant,1842,binaryClass
886,no,18841,binaryClass
887,mbagrade,588,binaryClass
888,fric,237126,binaryClass
889,fric,24301,binaryClass
890,cloud,4402,binaryClass
891,sleuthcase,2537,binaryClass
892,sleuthcase,2635,binaryClass
893,visualizinghamster,3268,binaryClass
894,rabe,1875,binaryClass
895,chscasegeyser,1949,binaryClass
896,fric,119100,binaryClass
897,collegesaaup,118497,binaryClass
898,hip,1525,binaryClass
899,analcatdatanegotiation,4720,binaryClass
9,autos,30728,symboling
900,chscasecensus,18780,binaryClass
901,fried,2482743,binaryClass
902,sleuthcase,2517,binaryClass
903,fric,237376,binaryClass
904,fric,472507,binaryClass
905,chscaseadopt,1115,binaryClass
906,chscasecensus,20289,binaryClass
907,chscasecensus,21376,binaryClass
908,chscasecensus,20333,binaryClass
909,chscasecensus,22386,binaryClass
910,fric,96122,binaryClass
911,fric,12430,binaryClass
912,fric,49153,binaryClass
913,fric,96274,binaryClass
914,balloon,22355,binaryClass
915,plasmaretinol,24839,binaryClass
916,fric,5089,binaryClass
917,fric,237397,binaryClass
918,fric,119169,binaryClass
919,rabe,480,binaryClass
920,fric,236973,binaryClass
921,analcatdataseropositive,2331,binaryClass
922,fric,48406,binaryClass
923,visualizingsoil,203555,binaryClass
924,humandevel,3849,binaryClass
925,visualizinggalaxy,11065,binaryClass
926,fric,119040,binaryClass
927,hutsofchildwitness,3063,binaryClass
928,rabe,666,binaryClass
929,rabe,2253,binaryClass
930,collegesusnews,223488,binaryClass
931,disclosurez,20013,binaryClass
932,fric,48444,binaryClass
933,fric,59897,binaryClass
934,socmob,67491,binaryClass
935,fric,24262,binaryClass
936,fric,48285,binaryClass
937,fric,237211,binaryClass
938,sleuthex,3177,binaryClass
939,chscasewhale,6981,binaryClass
940,watertreatment,111019,binaryClass
941,lowbwt,4589,binaryClass
942,chscasehealth,2463,binaryClass
943,fric,48195,binaryClass
944,echoMonths,4379,binaryClass
945,kidney,2859,binaryClass
946,visualizingethanol,1065,binaryClass
947,arsenicmalebladder,10055,binaryClass
948,quake,39300,binaryClass
949,arsenicfemalebladder,10045,binaryClass
950,arsenicfemalelung,10042,binaryClass
951,arsenicmalelung,10052,binaryClass
952,prnnfglass,19530,type
953,splice,513414,binaryClass
954,spectrometer,509016,binaryClass
955,tae,2367,binaryClass
956,molecularbiologypromoters,14934,binaryClass
957,braziltourism,14019,binaryClass
958,segment,291790,binaryClass
959,nursery,956040,binaryClass
960,postoperativepatientdata,4751,binaryClass
961,analcatdatabroadwaymult,17771,binaryClass
962,mfeatmorphological,80161,binaryClass
963,hearth,17431,binaryClass
964,pasture,4259,binaryClass
965,zoo,10779,binaryClass
966,analcatdatahalloffame,140591,binaryClass
967,cars,23823,binaryClass
968,analcatdatabirthday,6392,binaryClass
969,iris,2731,binaryClass
970,analcatdataauthorship,138927,binaryClass
971,mfeatfourier,1357281,binaryClass
972,squashstored,6920,binaryClass
973,wine,11725,binaryClass
974,hayesroth,1496,binaryClass
975,autos,25669,binaryClass
976,JapaneseVowels,1205892,binaryClass
977,letter,713017,binaryClass
978,mfeatfactors,1472333,binaryClass
979,waveform,1054721,binaryClass
980,optdigits,830126,binaryClass
981,kddinternetusage,2470981,Who_Pays_for_Access_Work
982,heartc,21671,binaryClass
983,cmc,31353,binaryClass
984,analcatdatadraft,6726,binaryClass
985,squashunstored,6440,binaryClass
986,analcatdatamarketing,24951,binaryClass
987,collins,60198,binaryClass
988,fl,3934,binaryClass
989,anneal,80470,binaryClass
990,eucalyptus,74035,binaryClass
991,car,46049,binaryClass
992,analcatdatabroadway,8084,binaryClass
993,kddipumslasmall,2907121,binaryClass
994,vehicle,53753,binaryClass
995,mfeatzernike,934793,binaryClass
996,prnnfglass,10062,binaryClass
997,balancescale,6440,binaryClass
998,analcatdatabondrate,4213,binaryClass
999,audiology,41616,binaryClass
